"sample_id","primary","yfp_bulk","total_read_count","moffitt_tumor_type.x","bailey_type.x","moffitt_stromal_type.x","moffitt_tumor_type.y","bailey_type.y","moffitt_stromal_type.y","moffitt_tumor_type","bailey_type","moffitt_stromal_type"
"PD2699_C4_1_BULK","PD2699","BULK",35516579,"Classical","Pancreatic_Progenitor","Stromal 1","","","","Classical","Pancreatic_Progenitor","Normal Stroma"
"PD2699_C4_1_YFP","PD2699","YFP",33149805,"Classical","Pancreatic_Progenitor","NA","","","","Classical","Pancreatic_Progenitor","NA"
"PD6422_C5_YFP","PD6422","YFP",22893685,"Basal_like","Pancreatic_Progenitor","NA","","","","Basal_like","Pancreatic_Progenitor","NA"
"PD6419_C1_BULK","PD6419","BULK",33161072,"Classical","Pancreatic_Progenitor","Stromal 1","","","","Classical","Pancreatic_Progenitor","Normal Stroma"
"PD6419_C1_YFP","PD6419","YFP",42471579,"Classical","Pancreatic_Progenitor","NA","","","","Classical","Pancreatic_Progenitor","NA"
"PD6422_C5_BULK","PD6422","BULK",51179727,"Basal_like","Pancreatic_Progenitor","Stromal 2","","","","Basal_like","Pancreatic_Progenitor","Activated Stroma"
"PD6499_C4_BULK","PD6499","BULK",26117304,"Classical","Pancreatic_Progenitor","Stromal 1","","","","Classical","Pancreatic_Progenitor","Normal Stroma"
"PD6499_C4_YFP","PD6499","YFP",34429985,"Classical","Pancreatic_Progenitor","NA","","","","Classical","Pancreatic_Progenitor","NA"
"PD6620_C1_BULK","PD6620","BULK",33765074,"Classical","Pancreatic_Progenitor","Stromal 1","","","","Classical","Pancreatic_Progenitor","Normal Stroma"
"PD6620_C1_YFP","PD6620","YFP",43874093,"Classical","Pancreatic_Progenitor","NA","","","","Classical","Pancreatic_Progenitor","NA"
"PD2699_C4_2_BULK","PD2699","BULK",24223035,"Classical","Pancreatic_Progenitor","Stromal 1","","","","Classical","Pancreatic_Progenitor","Normal Stroma"
"PD2699_C4_2_YFP","PD2699","YFP",7195753,"Classical","Pancreatic_Progenitor","NA","","","","Classical","Pancreatic_Progenitor","NA"
"PD6419_C5_YFP","PD6419","YFP",18052803,"Classical","Pancreatic_Progenitor","NA","","","","Classical","Pancreatic_Progenitor","NA"
"PD6421_C2_BULK","PD6421","BULK",16453078,"Classical","Pancreatic_Progenitor","Stromal 2","","","","Classical","Pancreatic_Progenitor","Activated Stroma"
"PD6553_C3_BULK","PD6553","BULK",19072504,"Classical","Pancreatic_Progenitor","Stromal 1","","","","Classical","Pancreatic_Progenitor","Normal Stroma"
"PD6556_C5_YFP","PD6556","YFP",18663395,"Classical","Pancreatic_Progenitor","NA","","","","Classical","Pancreatic_Progenitor","NA"
"PD6883_C1_YFP","PD6883","YFP",35415143,"Classical","Pancreatic_Progenitor","NA","","","","Classical","Pancreatic_Progenitor","NA"
"PD6499_C3_BULK","PD6499","BULK",6516143,"Classical","Pancreatic_Progenitor","Stromal 1","","","","Classical","Pancreatic_Progenitor","Normal Stroma"
"PD6556_C4_BULK","PD6556","BULK",31596057,"Classical","Pancreatic_Progenitor","Stromal 1","","","","Classical","Pancreatic_Progenitor","Normal Stroma"
"PD6566_C3_YFP","PD6566","YFP",39853275,"Classical","Pancreatic_Progenitor","NA","","","","Classical","Pancreatic_Progenitor","NA"
"PD6694_C2_YFP","PD6694","YFP",53769499,"Classical","Pancreatic_Progenitor","NA","","","","Classical","Pancreatic_Progenitor","NA"
"PD7160_C2_YFP","PD7160","YFP",51540980,"Classical","Pancreatic_Progenitor","NA","","","","Classical","Pancreatic_Progenitor","NA"
"PD7160_C5_BULK","PD7160","BULK",96295777,"Classical","Squamous","Stromal 2","","","","Classical","Squamous","Activated Stroma"
"PD7160_C5_YFP","PD7160","YFP",29815469,"Classical","Pancreatic_Progenitor","NA","","","","Classical","Pancreatic_Progenitor","NA"
"PD2838_C3_YFP","PD2838","YFP",52686419,"Classical","Pancreatic_Progenitor","NA","","","","Classical","Pancreatic_Progenitor","NA"
"PD6419_C5_BULK","PD6419","BULK",28758070,"Classical","Pancreatic_Progenitor","Stromal 1","","","","Classical","Pancreatic_Progenitor","Normal Stroma"
"PD6421_C2_YFP","PD6421","YFP",29857607,"Classical","Pancreatic_Progenitor","NA","","","","Classical","Pancreatic_Progenitor","NA"
"PD6499_C3_YFP","PD6499","YFP",97478785,"Classical","Pancreatic_Progenitor","NA","","","","Classical","Pancreatic_Progenitor","NA"
"PD6555_C3_YFP","PD6555","YFP",31767824,"Classical","Pancreatic_Progenitor","NA","","","","Classical","Pancreatic_Progenitor","NA"
"PD6556_C3_BULK","PD6556","BULK",29824949,"Classical","Pancreatic_Progenitor","Stromal 1","","","","Classical","Pancreatic_Progenitor","Normal Stroma"
"PD6883_C4_YFP","PD6883","YFP",26410238,"Classical","Pancreatic_Progenitor","NA","","","","Classical","Pancreatic_Progenitor","NA"
"PD7160_C2_BULK","PD7160","BULK",95927743,"Classical","Squamous","Stromal 2","","","","Classical","Squamous","Activated Stroma"
"PD2838_C3_BULK","PD2838","BULK",38816525,"Classical","Pancreatic_Progenitor","Stromal 1","","","","Classical","Pancreatic_Progenitor","Normal Stroma"
"PD6422_C1_BULK","PD6422","BULK",32785019,"Classical","Pancreatic_Progenitor","Stromal 1","","","","Classical","Pancreatic_Progenitor","Normal Stroma"
"PD6422_C1_YFP","PD6422","YFP",47574078,"Classical","Pancreatic_Progenitor","NA","","","","Classical","Pancreatic_Progenitor","NA"
"PD6694_C2_BULK","PD6694","BULK",40886444,"Classical","Pancreatic_Progenitor","Stromal 1","","","","Classical","Pancreatic_Progenitor","Normal Stroma"
